{"episode_rewards": [195.2526315789517, 251.71798561150663, 455.49139072846754, 358.45925925925894, 613.4857142857, 286.8811594202869, 336.4623574144379, 608.7588235294008, 292.1712460063813, 205.7015479876204, 388.0888888888866, 598.4481203007383, 524.6545454545329, 304.605405405404, 489.03050847456734], "mean": 393.9473056230761, "std": 140.38554479715373}