{"episode_rewards": [798.8539792387442, 809.5942652329617, 715.3993769470236, 825.3744966442806, 844.298039215669, 795.7517241379168, 833.8153846153684, 808.0145896656425, 754.9046979865635, 741.3052631578807, 686.6999999999861, 839.7594405594268, 821.1858156028254, 777.2487804877916, 826.1102990033136], "mean": 791.8877434996929, "std": 45.9274843012592}