{"episode_rewards": [527.962541806011, 582.906070287531, 649.1999999999896, 726.0551236748995, 767.8131386861169, 611.6183006535831, 696.9941176470456, 813.0576779026101, 646.8340694006191, 690.2958904109461, 784.6961832060961, 665.1574468085023, 476.4058823529308, 555.641717791404, 720.252631578934], "mean": 660.9927194804815, "std": 93.62938688961454}