{"model_name": "dqn_agent200", "episode_rewards": [1002.0, 1002.0, 1002.0, 1002.0, 137.0, 1002.0, 1002.0, 1002.0, 1002.0, 1002.0, 1002.0, 1002.0, 1002.0, 1002.0, 1002.0], "mean": 944.3333333333334, "std": 215.76890930396402}