{"model": "agent_data5_h1_v18", "episode_rewards": [324.4283018867587, 733.4548172757233, 793.2110367892625, 739.1712550607008, 658.0314878892563, 597.2421926910031, 783.5601307189205, 774.3408945686646, 784.2749999999672, 796.0089494163141, 760.1649006622254, 779.2103448275532, 759.1592592592269, 804.6999999999709, 780.2278688524317], "mean": 724.4790959931985, "std": 119.81917254129196}