{"model": "agent_data5_h3_v18", "episode_rewards": [516.1629757785279, 357.96451612901353, 572.0088435373955, 323.70952380950126, 377.2195876288467, 415.55836298930063, 167.3121405750897, 290.4660377358361, 486.3111498257634, 94.93105590063078, 430.12508038583064, 213.69310344828608, 366.8781931463981, 474.1424242423983, 380.10477815697544], "mean": 364.4391848859862, "std": 126.9452090123095}