{"model": "agent_data5_h5_v18", "episode_rewards": [790.3153354632308, 729.5296296295942, 764.6887323943321, 747.9968858131241, 704.3368600682267, 684.27499999997, 723.4474006115914, 786.1068965516912, 769.4945945945634, 748.9909090908734, 789.6260273972232, 738.8312977098947, 791.867871485911, 677.7135048231215, 674.8999999999637], "mean": 741.4747297088874, "std": 40.234199494456476}