{"model": "agent_data5_h0_v18", "episode_rewards": [862.3999999999843, 767.2202614378793, 780.2278688524298, 806.9999999999703, 781.9143884891757, 701.4151515151191, 786.2481228668562, 763.9718562873925, 745.9431654675918, 789.9990099009619, 431.1056737588358, 736.0702127659247, 616.8491525423508, 796.6213114753807, 850.0999999999786], "mean": 747.8057450239887, "std": 101.76301517195469}